{"train_f1_score":0.9964735016070477,"gl_model_v":3,"train_loss":0.010247391162081853,"_wandb":{"runtime":62},"val_accuracy":0.9889166666666667,"round":1,"val_f1_score":0.9889217259626893,"train_time":25.75334334373474,"val_loss":0.039711579233358434,"train_accuracy":0.9964722222222222,"_runtime":62.071440836,"test_accuracy":0.9881666666666666,"_timestamp":1.7446160721703565e+09,"operation_time":61.004889249801636,"f1_score":0.9881757144914464,"_step":3,"test_loss":0.0480485178252801}