{"operation_time":80.0132749080658,"_runtime":80.860137462,"val_loss":0.039090939146030616,"val_f1_score":0.9870065310665582,"train_loss":0.01791708162574573,"train_f1_score":0.9945312871221663,"round":2,"test_loss":0.04566200480281197,"_wandb":{"runtime":80},"test_accuracy":0.9868333333333333,"gl_model_v":2,"train_time":26.44530415534973,"f1_score":0.9868455185241926,"_timestamp":1.7446153152795823e+09,"train_accuracy":0.9945277777777778,"_step":2,"val_accuracy":0.987}