{"_step":2,"_timestamp":1.74460928027702e+09,"val_f1_score":0.988409690954799,"_runtime":158.790403939,"train_accuracy":0.9918888888888889,"val_accuracy":0.9884166666666667,"train_f1_score":0.9918895948071317,"train_loss":0.025970715463016155,"train_time":28.689146757125854,"f1_score":0.9850864039152555,"val_loss":0.040457942176293185,"test_loss":0.04837924569468707,"test_accuracy":0.9850833333333333,"round":2,"_wandb":{"runtime":158}}